Threshold,Trop.,Arid,Temp.,Conti.
0,183.74969354940677,33.69726444368452,114.07396788209475,139.80751155653567
1,183.74965570417925,33.67272812116797,114.0709150337405,139.77606217245662
2,183.74476105475176,33.574541832105304,114.06262692891102,139.59694071054793
3,183.72654488523307,33.40704516258684,114.03476022637166,139.222651410257
4,183.6841960756248,33.176996639496,113.97881236500359,138.68870571008463
5,183.59818648852055,32.91556180770533,113.90052320431585,138.02884893791352
6,183.4490762920447,32.655852087536324,113.79889615331673,137.23740430961382
7,183.22011266547642,32.38412650762593,113.67598746936882,136.29185391480402
8,182.89063211458333,32.06559899633436,113.51710058911388,135.17684520618207
9,182.4559670613031,31.688332538144255,113.30722357229756,133.884846983469
10,181.9169501006415,31.23248992629095,113.03645358438234,132.40189435770563
11,181.27706299353136,30.676827373053182,112.70103133276673,130.70401868478834
12,180.55901287649195,30.023539901627803,112.29744982636608,128.77476990581658
13,179.77895966167935,29.30043429294391,111.8316507659029,126.62357148244583
14,178.93208439012122,28.540158363285723,111.30432798054865,124.28587177779764
15,178.01513237224972,27.75627016541657,110.70759704790079,121.80711029506206
16,177.02677902510132,26.948034871168527,110.03024316553406,119.21183597183146
17,175.98527836342222,26.124418645697713,109.25884389275045,116.5049939178367
18,174.86576607272394,25.230501756317352,108.38498497396202,113.68853946983359
19,173.66166969849178,24.29163262105144,107.40538648944933,110.81905124298237
20,172.36077784730873,23.280848092167957,106.31422027417248,107.88044501558198
21,170.94434451647066,22.230089541703855,105.09016684995512,104.88356975285824
22,169.39232435046148,21.14069259081412,103.75778776946551,101.84789051683842
23,167.69351516193174,20.012665123921153,102.30176833062902,98.80830691484488
24,165.81844813370986,18.859216702318083,100.70882485858196,95.75493503495387
25,163.72662887233673,17.685510045794057,98.9854288872323,92.70623073312514
26,161.41351595050847,16.51860764580338,97.12657853900788,89.63282611279388
27,158.8673773476902,15.369639153009405,95.10836824518437,86.5593836472351
28,156.07621612675425,14.248931583874908,92.94668669378726,83.5084527845199
29,153.0668645540208,13.175454858700277,90.70833071141043,80.41671215144942
30,149.8432333030015,12.110721957970005,88.39310476437831,77.33459051370997
31,146.45915090232262,11.092425151421429,86.03219962771512,74.25842319176888
32,142.91336845947555,10.129798674572342,83.64660048008734,71.22070662100026
33,139.25382326266748,9.21398516729579,81.25972720979931,68.23263668121562
34,135.54201380663778,8.366825268088904,78.86483075127452,65.31663036218973
35,131.79523536036857,7.58516126577949,76.43599973872942,62.47232813426102
36,128.04101401935142,6.848920997815291,74.00375004063059,59.70278915332167
37,124.32352777919193,6.177250207116272,71.52693127957498,57.050810064172374
38,120.65676675900109,5.555361659466562,69.04178656846236,54.466946077042664
39,117.03901530846412,4.971848960976485,66.54125777235798,51.96806985587386
40,113.48329218585201,4.456773443161126,64.06652049881663,49.52388314225767
41,109.93209787546789,3.9796428908211023,61.625364557171956,47.121862319649985
42,106.44570720969429,3.5443455068642016,59.22029403997899,44.78946094685627
43,103.00722229443822,3.162172178391907,56.90728203875748,42.487752053590974
44,99.62875991004782,2.8189883042527177,54.683269397615256,40.23535864556875
45,96.31016236807501,2.5129371029708474,52.5310113078736,38.0473935836507
46,93.0432424842971,2.239239826128148,50.49432308170762,35.90361597864516
47,89.83286337045189,2.0036588038374785,48.553764887241734,33.79285833466125
48,86.67683631088049,1.7862856724219949,46.70327833430188,31.725824543552566
49,83.60742436205385,1.601089952939147,44.931383703870026,29.72922702841876
50,80.58565955468994,1.4454402194121034,43.26332060894102,27.794030241186565
51,77.64435370105893,1.304450879455527,41.641069161939434,25.927010054468692
52,74.79190844167294,1.173171107132335,40.067123994113416,24.1458764578656
53,72.01328660612592,1.065824006235496,38.52663716119459,22.434704495008752
54,69.27709557818014,0.9635834486181887,37.00438226663929,20.79122660601519
55,66.64113132781478,0.8680702744158045,35.49733169224494,19.248491135827177
56,64.04077312901906,0.7743581486783488,34.011200067368875,17.77772625021356
57,61.51071244036393,0.689416358755581,32.57408747345356,16.3647289506585
58,59.06725424737773,0.6132458902003015,31.16490465745682,15.030755639959093
59,56.73371121022014,0.5415753078983221,29.803589746750067,13.775413673879704
60,54.50198445019932,0.46869146082151986,28.482753460657687,12.56405732349932
61,52.32232010818662,0.3964469911239194,27.197838603031048,11.430789081035417
62,50.25839908704244,0.3302249882008196,25.93648397642752,10.381704393447365
63,48.28637889342167,0.26869162953109954,24.72413103505546,9.37741505173905
64,46.33594940210787,0.22083027816723444,23.558439682345806,8.443021114628792
65,44.46438621120168,0.1798333266963557,22.400550754045653,7.560758190001549
66,42.65663322768331,0.14559694713095064,21.257410426291596,6.759005467852834
67,40.91488232098065,0.12064183859073478,20.170318880512347,6.009890726547612
68,39.24676245821035,0.09740664288116171,19.10850794672444,5.325926150217512
69,37.58171121263909,0.08074536153638838,18.058786986248506,4.726232251630807
70,35.96579253371119,0.06560121553359385,17.01932838997165,4.164909471550293
71,34.36879016101133,0.04973625469176685,15.988668809095973,3.682351282828397
72,32.81249348429104,0.03769138889952047,14.957484125688289,3.2540079594304907
73,31.258732437815393,0.027084958978295562,13.928986453435373,2.8687675906436283
74,29.725612809189457,0.01885039738452922,12.927480312835137,2.5216771823145656
75,28.23314841623971,0.012457204144707766,11.95480987028752,2.213022347644834
76,26.76125605822254,0.008417631876239744,10.995791305129812,1.941637177671664
77,25.323917969826514,0.00502193780642212,10.065073874185835,1.70366618984024
78,23.896801246633075,0.002366127674887535,9.149399132743566,1.496750167857177
79,22.509234363094993,0.0015738369664479558,8.229637895170088,1.3133784109418645
80,21.147738110672982,0.0012536724396356612,7.324487280750661,1.1616109670058066
81,19.795250599288057,0.000927988528405453,6.444018456441103,1.03044404047825
82,18.44223483160216,0.0005164958360690617,5.573518695817253,0.9092291275729544
83,17.133280370070334,0.00034924949888678626,4.732004043050549,0.8086433131073693
84,15.865914659827151,0.00026482203162728923,3.9257583827957765,0.7146925850369582
85,14.614180605439142,0.0001797592605747499,3.1818710135434043,0.6331763795375116
86,13.398303327253169,0.0001797592605747499,2.487910566491429,0.5598337576321646
87,12.216305412130687,0.0001797592605747499,1.8854858982056226,0.485634296122227
88,11.073089393921567,9.165222375443342e-05,1.362609631420522,0.4179868389063974
89,9.952776045907195,9.165222375443342e-05,0.9237049271039229,0.35153712400878573
90,8.854909648472706,9.165222375443342e-05,0.5852089334146929,0.28117791826290023
91,7.75081140357129,0,0.3323917013934834,0.2184452157516617
92,6.671377208829338,0,0.16698997218500233,0.15759803589974822
93,5.640261908338797,0,0.07742980176381198,0.10654877848976699
94,4.679099174508732,0,0.03150163069687197,0.06352112011266738
95,3.759775522378592,0,0.010351357307057532,0.03320479836946699
96,2.8855968902617395,0,0.0035149867667008984,0.012978586214892314
97,2.0090079902164466,0,0.0009842460766421141,0.0034422833835813906
98,1.172227243215477,0,0,0.00029792491190277565
99,0.3801191654094263,0,0,0
100,0,0,0,0
